max_depth,min_samples_leaf,n_estimators,mean_fit_time,std_fit_time,mean_score_time,std_score_time,param_max_depth,param_min_samples_leaf,param_n_estimators,split0_test_mcc,split1_test_mcc,split2_test_mcc,split3_test_mcc,split4_test_mcc,mean_test_mcc,std_test_mcc,rank_test_mcc,split0_train_mcc,split1_train_mcc,split2_train_mcc,split3_train_mcc,split4_train_mcc,mean_train_mcc,std_train_mcc,split0_test_acc,split1_test_acc,split2_test_acc,split3_test_acc,split4_test_acc,mean_test_acc,std_test_acc,rank_test_acc,split0_train_acc,split1_train_acc,split2_train_acc,split3_train_acc,split4_train_acc,mean_train_acc,std_train_acc,split0_test_f1,split1_test_f1,split2_test_f1,split3_test_f1,split4_test_f1,mean_test_f1,std_test_f1,rank_test_f1,split0_train_f1,split1_train_f1,split2_train_f1,split3_train_f1,split4_train_f1,mean_train_f1,std_train_f1,run_id
4,8,300,0.4134520053863525,0.005515127529066287,0.11273531913757324,0.0015388490764232916,4,8,300,0.16171701688113868,0.15798897371545217,0.15681720242517538,0.166401967052707,0.16896741625369327,0.1623785152656333,0.004695436852014128,1,0.16436402860186186,0.1672360544305433,0.16657652262457218,0.16430047631827582,0.16260314830011402,0.16501604605507345,0.001680640752481753,0.5522875816993464,0.5601307189542484,0.5467320261437908,0.5532679738562092,0.5552287581699347,0.5535294117647059,0.004342349082842657,1,0.5546568627450981,0.5526960784313726,0.5558006535947713,0.5545751633986928,0.553921568627451,0.5543300653594772,0.0010164922232023354,0.28571428571428575,0.2668845315904139,0.26026666666666665,0.2709333333333333,0.26392644672796106,0.2695450528065321,0.008810300476309497,1,0.26822392267418443,0.26931803016148403,0.27088641544857184,0.2711229946524064,0.2737430167597766,0.2706588759392846,0.0018711477660435605,0
