max_depth,min_samples_leaf,n_estimators,mean_fit_time,std_fit_time,mean_score_time,std_score_time,param_max_depth,param_min_samples_leaf,param_n_estimators,split0_test_mcc,split1_test_mcc,split2_test_mcc,split3_test_mcc,split4_test_mcc,mean_test_mcc,std_test_mcc,rank_test_mcc,split0_train_mcc,split1_train_mcc,split2_train_mcc,split3_train_mcc,split4_train_mcc,mean_train_mcc,std_train_mcc,split0_test_acc,split1_test_acc,split2_test_acc,split3_test_acc,split4_test_acc,mean_test_acc,std_test_acc,rank_test_acc,split0_train_acc,split1_train_acc,split2_train_acc,split3_train_acc,split4_train_acc,mean_train_acc,std_train_acc,split0_test_f1,split1_test_f1,split2_test_f1,split3_test_f1,split4_test_f1,mean_test_f1,std_test_f1,rank_test_f1,split0_train_f1,split1_train_f1,split2_train_f1,split3_train_f1,split4_train_f1,mean_train_f1,std_train_f1,run_id
4,8,300,0.351991081237793,0.01501129803324232,0.06232151985168457,0.004174026484610572,4,8,300,0.14381363751898107,0.057114451305407384,0.07675693584558721,0.16927604559224216,0.05757181956428248,0.09985873953408984,0.04520342979770608,1,0.17529535646476618,0.17409059249992687,0.1755377941389494,0.17009106126919454,0.16051961732591888,0.1711068843397512,0.005642710237263902,0.5707831325301205,0.5290322580645161,0.5383435582822086,0.5828092243186582,0.5285935085007728,0.5493975903614458,0.021864248050119012,1,0.5870786516853933,0.5866261398176292,0.5871722182849043,0.5838591829956825,0.5802603036876356,0.584999299294249,0.0026626993044194134,0.5350734094616639,0.4895104895104894,0.5347758887171561,0.5382830626450116,0.5151033386327504,0.523792730439094,0.017192403305196856,1,0.5621742367833209,0.5677966101694916,0.5605431912485854,0.5455204932898077,0.5785843920145192,0.562923784701145,0.01075269871877834,0
