max_depth,min_samples_leaf,n_estimators,mean_fit_time,std_fit_time,mean_score_time,std_score_time,param_max_depth,param_min_samples_leaf,param_n_estimators,split0_test_mcc,split1_test_mcc,split2_test_mcc,split3_test_mcc,split4_test_mcc,mean_test_mcc,std_test_mcc,rank_test_mcc,split0_train_mcc,split1_train_mcc,split2_train_mcc,split3_train_mcc,split4_train_mcc,mean_train_mcc,std_train_mcc,split0_test_acc,split1_test_acc,split2_test_acc,split3_test_acc,split4_test_acc,mean_test_acc,std_test_acc,rank_test_acc,split0_train_acc,split1_train_acc,split2_train_acc,split3_train_acc,split4_train_acc,mean_train_acc,std_train_acc,split0_test_f1,split1_test_f1,split2_test_f1,split3_test_f1,split4_test_f1,mean_test_f1,std_test_f1,rank_test_f1,split0_train_f1,split1_train_f1,split2_train_f1,split3_train_f1,split4_train_f1,mean_train_f1,std_train_f1,run_id
4,8,300,0.2070772647857666,0.005518304874681755,0.05851025581359863,0.0038089577036212736,4,8,300,0.4458642741722502,0.4315173862673761,0.3565100850115384,0.379084673476273,0.34773176990458105,0.3906918700408514,0.040718081584839194,1,0.3941180458283654,0.41075439048616086,0.4111734080567692,0.40996382982324453,0.40868147501823415,0.40693822984255484,0.006466066713347777,0.7198795180722891,0.7139784946236559,0.6763803680981595,0.6876310272536688,0.6738794435857806,0.693631669535284,0.019579155851475433,1,0.6966292134831461,0.7044917257683215,0.705173635719348,0.7047492527399535,0.7042660882140275,0.7030619831849594,0.003230495744912005,0.7423822714681441,0.7268993839835728,0.6998577524893316,0.6651685393258426,0.6768759571209801,0.7030917156440462,0.028898890375383672,1,0.7063222297756628,0.7183778564531701,0.7138927097661624,0.7114573190522557,0.707857142857143,0.7115814515808788,0.004314587626597968,0
