max_depth,min_samples_leaf,n_estimators,mean_fit_time,std_fit_time,mean_score_time,std_score_time,param_max_depth,param_min_samples_leaf,param_n_estimators,split0_test_mcc,split1_test_mcc,split2_test_mcc,split3_test_mcc,split4_test_mcc,mean_test_mcc,std_test_mcc,rank_test_mcc,split0_train_mcc,split1_train_mcc,split2_train_mcc,split3_train_mcc,split4_train_mcc,mean_train_mcc,std_train_mcc,split0_test_acc,split1_test_acc,split2_test_acc,split3_test_acc,split4_test_acc,mean_test_acc,std_test_acc,rank_test_acc,split0_train_acc,split1_train_acc,split2_train_acc,split3_train_acc,split4_train_acc,mean_train_acc,std_train_acc,split0_test_f1,split1_test_f1,split2_test_f1,split3_test_f1,split4_test_f1,mean_test_f1,std_test_f1,rank_test_f1,split0_train_f1,split1_train_f1,split2_train_f1,split3_train_f1,split4_train_f1,mean_train_f1,std_train_f1,run_id
4,8,300,0.20150065422058105,0.008773165823460053,0.059066247940063474,0.0036408787521030913,4,8,300,0.582149524539332,0.5035838402252694,0.5171352745835095,0.46261096782514366,0.48503976760449374,0.5137253460654099,0.041249032463456015,1,0.521505110772014,0.5465329761576804,0.5297787075138879,0.548799735779478,0.5427823568712153,0.5378797774188552,0.010506337760593716,0.7906626506024096,0.7505376344086021,0.754601226993865,0.7190775681341719,0.7387944358578052,0.7528399311531841,0.023656655017969302,1,0.7570224719101124,0.7706855791962175,0.7604535790219702,0.77216871471272,0.7686189443239335,0.7657898578329908,0.005966649991432224,0.785824345146379,0.7327188940092166,0.7324414715719063,0.6666666666666667,0.7159663865546219,0.7302181557511893,0.0376466436006251,1,0.7346625766871167,0.7544303797468355,0.7361436377829821,0.7565649396735274,0.7505845674201091,0.7464772202621142,0.009254770219150357,0
