max_depth,min_samples_leaf,n_estimators,mean_fit_time,std_fit_time,mean_score_time,std_score_time,param_max_depth,param_min_samples_leaf,param_n_estimators,split0_test_mcc,split1_test_mcc,split2_test_mcc,split3_test_mcc,split4_test_mcc,mean_test_mcc,std_test_mcc,rank_test_mcc,split0_train_mcc,split1_train_mcc,split2_train_mcc,split3_train_mcc,split4_train_mcc,mean_train_mcc,std_train_mcc,split0_test_acc,split1_test_acc,split2_test_acc,split3_test_acc,split4_test_acc,mean_test_acc,std_test_acc,rank_test_acc,split0_train_acc,split1_train_acc,split2_train_acc,split3_train_acc,split4_train_acc,mean_train_acc,std_train_acc,split0_test_f1,split1_test_f1,split2_test_f1,split3_test_f1,split4_test_f1,mean_test_f1,std_test_f1,rank_test_f1,split0_train_f1,split1_train_f1,split2_train_f1,split3_train_f1,split4_train_f1,mean_train_f1,std_train_f1,run_id
4,8,300,1.3686482906341553,0.02755659750601784,0.11717634201049805,0.005545701351396878,4,8,300,0.17592001398974563,0.17177779079833427,0.17199963255853967,0.16663529977328437,0.15281000615945425,0.16784837836771055,0.008055424191733569,1,0.17524401119081046,0.1825712888134484,0.1839360826379035,0.1830439096674917,0.1839212659860281,0.18174331165913643,0.003291496241539149,0.5719453376205788,0.5714285714285714,0.5718914540299717,0.5877862595419847,0.5597560975609757,0.5725949878738884,0.00892582401770843,1,0.5760869565217391,0.5778413736713001,0.5790074158585282,0.5743254292722813,0.579743317256601,0.57740089851609,0.0019721458629595075,0.41386901485965877,0.4047350620067644,0.3990903922683343,0.41638225255972694,0.39866740699611325,0.40658243557781854,0.007371876380019351,1,0.41090289608177166,0.41135560369399155,0.4186360567184335,0.41806393919069973,0.4199480988378653,0.41578131890455233,0.00384988058859521,0
