max_depth,min_samples_leaf,n_estimators,mean_fit_time,std_fit_time,mean_score_time,std_score_time,param_max_depth,param_min_samples_leaf,param_n_estimators,split0_test_mcc,split1_test_mcc,split2_test_mcc,split3_test_mcc,split4_test_mcc,mean_test_mcc,std_test_mcc,rank_test_mcc,split0_train_mcc,split1_train_mcc,split2_train_mcc,split3_train_mcc,split4_train_mcc,mean_train_mcc,std_train_mcc,split0_test_acc,split1_test_acc,split2_test_acc,split3_test_acc,split4_test_acc,mean_test_acc,std_test_acc,rank_test_acc,split0_train_acc,split1_train_acc,split2_train_acc,split3_train_acc,split4_train_acc,mean_train_acc,std_train_acc,split0_test_f1,split1_test_f1,split2_test_f1,split3_test_f1,split4_test_f1,mean_test_f1,std_test_f1,rank_test_f1,split0_train_f1,split1_train_f1,split2_train_f1,split3_train_f1,split4_train_f1,mean_train_f1,std_train_f1,run_id
4,8,300,1.2255522727966308,0.009643883606633348,0.13623409271240233,0.0014697242513949144,4,8,300,0.12846696500318266,0.13623891468107122,0.1456191388888481,0.12901098045001633,0.13196352847175502,0.13425990549897468,0.006313974687262359,1,0.17699482278028442,0.1756192683775708,0.17439994375268178,0.182563086786515,0.1722639950716523,0.17636822335374086,0.0034655074008819483,0.5607843137254902,0.568954248366013,0.569281045751634,0.5637254901960784,0.565359477124183,0.5656209150326797,0.0032112728095524713,1,0.5848856209150327,0.5849673202614379,0.5856209150326798,0.5902777777777778,0.5848856209150327,0.5861274509803922,0.0020934172206679056,0.48426707597851104,0.48776699029126214,0.5033911077618688,0.5240641711229947,0.5149525893508389,0.5028883869010952,0.015294583370148603,1,0.5024968177812591,0.5253223696505326,0.5274827650456493,0.5472600884716078,0.5382168499500136,0.5281557781798125,0.015053658931950181,0
