max_depth,min_samples_leaf,n_estimators,mean_fit_time,std_fit_time,mean_score_time,std_score_time,param_max_depth,param_min_samples_leaf,param_n_estimators,split0_test_mcc,split1_test_mcc,split2_test_mcc,split3_test_mcc,split4_test_mcc,mean_test_mcc,std_test_mcc,rank_test_mcc,split0_train_mcc,split1_train_mcc,split2_train_mcc,split3_train_mcc,split4_train_mcc,mean_train_mcc,std_train_mcc,split0_test_acc,split1_test_acc,split2_test_acc,split3_test_acc,split4_test_acc,mean_test_acc,std_test_acc,rank_test_acc,split0_train_acc,split1_train_acc,split2_train_acc,split3_train_acc,split4_train_acc,mean_train_acc,std_train_acc,split0_test_f1,split1_test_f1,split2_test_f1,split3_test_f1,split4_test_f1,mean_test_f1,std_test_f1,rank_test_f1,split0_train_f1,split1_train_f1,split2_train_f1,split3_train_f1,split4_train_f1,mean_train_f1,std_train_f1,run_id
4,8,300,0.4212005615234375,0.011441312790656428,0.06244058609008789,0.004812421573705216,4,8,300,0.5632839328601886,0.5200719350336064,0.5417103028831808,0.4900238732081138,0.49637542831466064,0.5245939374628165,0.028013585087652067,1,0.5393597467895136,0.5598862418459937,0.5445687488466286,0.5627467264887112,0.5657112594517316,0.5544545446845157,0.01049341815918569,0.7816265060240963,0.7591397849462366,0.7699386503067485,0.7337526205450734,0.7465224111282844,0.7597246127366609,0.016813491657031752,1,0.7679073033707865,0.7781155015197568,0.7696669029057406,0.7798073729657921,0.7805495300072307,0.7752093221538613,0.005331860071745293,0.7812971342383107,0.7442922374429224,0.7611464968152867,0.6879606879606879,0.732899022801303,0.7447461684607419,0.030438506610417058,1,0.7538175046554935,0.7652733118971061,0.7522865853658536,0.7674500175377061,0.7653652879783532,0.7608385414869026,0.006423412638835803,0
