max_depth,min_samples_leaf,n_estimators,mean_fit_time,std_fit_time,mean_score_time,std_score_time,param_max_depth,param_min_samples_leaf,param_n_estimators,split0_test_mcc,split1_test_mcc,split2_test_mcc,split3_test_mcc,split4_test_mcc,mean_test_mcc,std_test_mcc,rank_test_mcc,split0_train_mcc,split1_train_mcc,split2_train_mcc,split3_train_mcc,split4_train_mcc,mean_train_mcc,std_train_mcc,split0_test_acc,split1_test_acc,split2_test_acc,split3_test_acc,split4_test_acc,mean_test_acc,std_test_acc,rank_test_acc,split0_train_acc,split1_train_acc,split2_train_acc,split3_train_acc,split4_train_acc,mean_train_acc,std_train_acc,split0_test_f1,split1_test_f1,split2_test_f1,split3_test_f1,split4_test_f1,mean_test_f1,std_test_f1,rank_test_f1,split0_train_f1,split1_train_f1,split2_train_f1,split3_train_f1,split4_train_f1,mean_train_f1,std_train_f1,run_id
4,8,300,1.2770267486572267,0.019258295846728196,0.1265885829925537,0.002720585490750277,4,8,300,0.00647517037773168,0.03423414030049676,0.056552970673117375,0.03980592104839045,0.015512200419475783,0.03051608056384241,0.01778272494843971,1,0.06879472341786255,0.08497860775846984,0.08857052452246418,0.07096102545692877,0.07748146961879637,0.07815727015490434,0.007679406731595325,0.5029411764705882,0.5212418300653595,0.5251633986928105,0.519281045751634,0.5084967320261438,0.5154248366013072,0.00833531951212021,1,0.5345588235294118,0.5370098039215686,0.5424019607843137,0.5350490196078431,0.5374183006535947,0.5372875816993463,0.0027823875629063026,0.4615929203539823,0.3638732088580113,0.4190323870451819,0.4400456794822992,0.41295862607338013,0.41950056436257094,0.032653597091902006,1,0.4971312560684968,0.38702001081665766,0.4310817673946166,0.4638718794159209,0.44728621632174936,0.44527822600348826,0.036425408091196564,0
