max_depth,min_samples_leaf,n_estimators,mean_fit_time,std_fit_time,mean_score_time,std_score_time,param_max_depth,param_min_samples_leaf,param_n_estimators,split0_test_mcc,split1_test_mcc,split2_test_mcc,split3_test_mcc,split4_test_mcc,mean_test_mcc,std_test_mcc,rank_test_mcc,split0_train_mcc,split1_train_mcc,split2_train_mcc,split3_train_mcc,split4_train_mcc,mean_train_mcc,std_train_mcc,split0_test_acc,split1_test_acc,split2_test_acc,split3_test_acc,split4_test_acc,mean_test_acc,std_test_acc,rank_test_acc,split0_train_acc,split1_train_acc,split2_train_acc,split3_train_acc,split4_train_acc,mean_train_acc,std_train_acc,split0_test_f1,split1_test_f1,split2_test_f1,split3_test_f1,split4_test_f1,mean_test_f1,std_test_f1,rank_test_f1,split0_train_f1,split1_train_f1,split2_train_f1,split3_train_f1,split4_train_f1,mean_train_f1,std_train_f1,run_id
4,8,300,1.4246373176574707,0.025392637695023628,0.12382912635803223,0.0075492518802149555,4,8,300,0.16872760204209192,0.1796908060164639,0.18082064443636528,0.18250446471083745,0.1820245977651879,0.1787415290368888,0.005118998872308923,1,0.19006558322509523,0.2015521787349645,0.19984301534090781,0.19186973724729198,0.1959007201220297,0.19584624693405783,0.004421843166550798,0.577572347266881,0.5840097402597403,0.5856622114216282,0.5966251506629169,0.5808943089430895,0.5849636216653193,0.006474792960450971,1,0.5909610983981693,0.595175797219951,0.5950615271778991,0.5886345053147997,0.5928226927164227,0.5925311241654484,0.0024952301123423387,0.48706686188384585,0.4928253339930727,0.49828347229033837,0.5000000000000001,0.48372558838257385,0.4923905267446982,0.006265112078813614,1,0.5018413456753259,0.5023620464368278,0.5093314900760344,0.5061352704427212,0.49894376823257225,0.5037227841726963,0.003619615539649538,0
