max_depth,min_samples_leaf,n_estimators,mean_fit_time,std_fit_time,mean_score_time,std_score_time,param_max_depth,param_min_samples_leaf,param_n_estimators,split0_test_mcc,split1_test_mcc,split2_test_mcc,split3_test_mcc,split4_test_mcc,mean_test_mcc,std_test_mcc,rank_test_mcc,split0_train_mcc,split1_train_mcc,split2_train_mcc,split3_train_mcc,split4_train_mcc,mean_train_mcc,std_train_mcc,split0_test_acc,split1_test_acc,split2_test_acc,split3_test_acc,split4_test_acc,mean_test_acc,std_test_acc,rank_test_acc,split0_train_acc,split1_train_acc,split2_train_acc,split3_train_acc,split4_train_acc,mean_train_acc,std_train_acc,split0_test_f1,split1_test_f1,split2_test_f1,split3_test_f1,split4_test_f1,mean_test_f1,std_test_f1,rank_test_f1,split0_train_f1,split1_train_f1,split2_train_f1,split3_train_f1,split4_train_f1,mean_train_f1,std_train_f1,run_id
4,8,300,0.660871934890747,0.010749754292973864,0.13544344902038574,0.0015348017617457166,4,8,300,0.03936941141439662,0.1062724807028275,0.061718822159695146,0.05042462145689782,0.05078424459443313,0.06171391606565004,0.02337369669494794,1,0.08325558606339839,0.09040314306910102,0.08322826800740923,0.0865487303102629,0.07393779002710629,0.08347470349545556,0.005450034443659833,0.5173202614379085,0.5473856209150327,0.5281045751633987,0.5228758169934641,0.5248366013071896,0.5281045751633987,0.010257482273257162,1,0.5398692810457516,0.5320261437908497,0.5404411764705882,0.5397058823529411,0.5350490196078431,0.5374183006535947,0.0033186431391486653,0.39541547277936956,0.29372768995410503,0.43549648162627047,0.3860386879730866,0.40990259740259744,0.38411618594708574,0.04817950581868744,1,0.42938196555217834,0.2776796973518285,0.4429038328216302,0.3976908274534958,0.42392954752505313,0.3943171741408372,0.06013780538781161,0
