max_depth,min_samples_leaf,n_estimators,mean_fit_time,std_fit_time,mean_score_time,std_score_time,param_max_depth,param_min_samples_leaf,param_n_estimators,split0_test_mcc,split1_test_mcc,split2_test_mcc,split3_test_mcc,split4_test_mcc,mean_test_mcc,std_test_mcc,rank_test_mcc,split0_train_mcc,split1_train_mcc,split2_train_mcc,split3_train_mcc,split4_train_mcc,mean_train_mcc,std_train_mcc,split0_test_acc,split1_test_acc,split2_test_acc,split3_test_acc,split4_test_acc,mean_test_acc,std_test_acc,rank_test_acc,split0_train_acc,split1_train_acc,split2_train_acc,split3_train_acc,split4_train_acc,mean_train_acc,std_train_acc,split0_test_f1,split1_test_f1,split2_test_f1,split3_test_f1,split4_test_f1,mean_test_f1,std_test_f1,rank_test_f1,split0_train_f1,split1_train_f1,split2_train_f1,split3_train_f1,split4_train_f1,mean_train_f1,std_train_f1,run_id
4,8,300,0.42471656799316404,0.012974671628272724,0.06229443550109863,0.004685937246518676,4,8,300,0.4303589433104694,0.4416939566965465,0.3669378545451962,0.36725908508137106,0.37557708446983107,0.3953770969436518,0.031964949452492876,1,0.44241965758998136,0.43436267608124673,0.4346874889995413,0.43411860338813346,0.43831206480462226,0.4367800981727051,0.0032080539082278295,0.7123493975903614,0.7204301075268817,0.6825153374233128,0.6771488469601677,0.6877897990726429,0.695697074010327,0.01645342684602843,1,0.7212078651685393,0.7169875042215468,0.7172218284904324,0.7170375290601129,0.7190889370932755,0.7183087328067813,0.0016466118007921005,0.7350901525658808,0.7245762711864407,0.6995645863570392,0.6298076923076923,0.6920731707317073,0.6985657653715708,0.034628166835659856,1,0.7217939733707078,0.7236147757255937,0.7215631542219121,0.714859437751004,0.7222023596710762,0.7208067401480587,0.003057777465636372,0
