max_depth,min_samples_leaf,n_estimators,mean_fit_time,std_fit_time,mean_score_time,std_score_time,param_max_depth,param_min_samples_leaf,param_n_estimators,split0_test_mcc,split1_test_mcc,split2_test_mcc,split3_test_mcc,split4_test_mcc,mean_test_mcc,std_test_mcc,rank_test_mcc,split0_train_mcc,split1_train_mcc,split2_train_mcc,split3_train_mcc,split4_train_mcc,mean_train_mcc,std_train_mcc,split0_test_acc,split1_test_acc,split2_test_acc,split3_test_acc,split4_test_acc,mean_test_acc,std_test_acc,rank_test_acc,split0_train_acc,split1_train_acc,split2_train_acc,split3_train_acc,split4_train_acc,mean_train_acc,std_train_acc,split0_test_f1,split1_test_f1,split2_test_f1,split3_test_f1,split4_test_f1,mean_test_f1,std_test_f1,rank_test_f1,split0_train_f1,split1_train_f1,split2_train_f1,split3_train_f1,split4_train_f1,mean_train_f1,std_train_f1,run_id
4,8,300,0.3375002384185791,0.0089598591512312,0.05989260673522949,0.002899679506214512,4,8,300,0.32973994814897123,0.34426719241446097,0.2901167931360265,0.2734754461645208,0.2278429509150857,0.291239206964154,0.041667085450167,1,0.3241885660011914,0.310237448337605,0.3252794175540736,0.32471321431909583,0.3370246590371862,0.3242886610498304,0.008494870056287396,0.6641566265060241,0.6666666666666666,0.6426380368098159,0.6142557651991615,0.6136012364760433,0.6402753872633391,0.02264358395993056,1,0.6601123595505618,0.651806822019588,0.6601700921332389,0.6602457655264032,0.6644974692697035,0.6593665016998991,0.004134023499348867,0.6809728183118741,0.6095717884130982,0.6097152428810719,0.47126436781609193,0.6031746031746033,0.6017894124034003,0.06522883728420634,1,0.6313785224676314,0.6134233220847394,0.6272833268558103,0.6302855077701482,0.6230706742485783,0.6250882706853815,0.006504437464195253,0
