max_depth,min_samples_leaf,n_estimators,mean_fit_time,std_fit_time,mean_score_time,std_score_time,param_max_depth,param_min_samples_leaf,param_n_estimators,split0_test_mcc,split1_test_mcc,split2_test_mcc,split3_test_mcc,split4_test_mcc,mean_test_mcc,std_test_mcc,rank_test_mcc,split0_train_mcc,split1_train_mcc,split2_train_mcc,split3_train_mcc,split4_train_mcc,mean_train_mcc,std_train_mcc,split0_test_acc,split1_test_acc,split2_test_acc,split3_test_acc,split4_test_acc,mean_test_acc,std_test_acc,rank_test_acc,split0_train_acc,split1_train_acc,split2_train_acc,split3_train_acc,split4_train_acc,mean_train_acc,std_train_acc,split0_test_f1,split1_test_f1,split2_test_f1,split3_test_f1,split4_test_f1,mean_test_f1,std_test_f1,rank_test_f1,split0_train_f1,split1_train_f1,split2_train_f1,split3_train_f1,split4_train_f1,mean_train_f1,std_train_f1,run_id
4,8,300,0.672205638885498,0.01351956003534669,0.13569278717041017,0.0030179435986641416,4,8,300,0.03997994350375546,0.0914653889875946,0.083854652597269,0.06453427904574707,0.09784753779276467,0.07553636038542616,0.02100486205667683,1,0.09263943260677425,0.09551451128639311,0.08795968321603109,0.08766020556761706,0.08697706770847054,0.0901501800770572,0.0033478147839945574,0.5176470588235295,0.5444444444444444,0.5366013071895425,0.5294117647058824,0.545751633986928,0.5347712418300654,0.01038701726814058,1,0.543954248366013,0.5387254901960784,0.5413398692810457,0.5405228758169934,0.5402777777777777,0.5409640522875817,0.001718096657267303,0.39755102040816326,0.33745247148288976,0.412106135986733,0.4,0.4193817878028404,0.3932982831361253,0.02903734838784645,1,0.42877609496520663,0.34863867097369633,0.41165374135401384,0.40524534686971236,0.4133041392972579,0.4015235986919774,0.027549106953563968,0
