max_depth,min_samples_leaf,n_estimators,mean_fit_time,std_fit_time,mean_score_time,std_score_time,param_max_depth,param_min_samples_leaf,param_n_estimators,split0_test_mcc,split1_test_mcc,split2_test_mcc,split3_test_mcc,split4_test_mcc,mean_test_mcc,std_test_mcc,rank_test_mcc,split0_train_mcc,split1_train_mcc,split2_train_mcc,split3_train_mcc,split4_train_mcc,mean_train_mcc,std_train_mcc,split0_test_acc,split1_test_acc,split2_test_acc,split3_test_acc,split4_test_acc,mean_test_acc,std_test_acc,rank_test_acc,split0_train_acc,split1_train_acc,split2_train_acc,split3_train_acc,split4_train_acc,mean_train_acc,std_train_acc,split0_test_f1,split1_test_f1,split2_test_f1,split3_test_f1,split4_test_f1,mean_test_f1,std_test_f1,rank_test_f1,split0_train_f1,split1_train_f1,split2_train_f1,split3_train_f1,split4_train_f1,mean_train_f1,std_train_f1,run_id
4,8,300,1.289160966873169,0.021594362817198162,0.1270052433013916,0.0018970405242636145,4,8,300,0.009056139738429963,0.04711237665165544,0.042447853721259844,0.035017807668499996,0.01468862521581985,0.029664560599133017,0.015135929262596283,1,0.08487034056671557,0.07584629222846608,0.08458501105939467,0.06752510570346813,0.08260182771901732,0.07908571545541235,0.006636395798151268,0.5029411764705882,0.5264705882352941,0.519281045751634,0.5140522875816993,0.5081699346405228,0.5141830065359477,0.008240479745084716,1,0.5376633986928104,0.5359477124183006,0.5413398692810457,0.5290032679738562,0.5372549019607843,0.5362418300653594,0.004037832641786598,0.32189032545697727,0.42885297595585337,0.43357720446669235,0.29156741305383516,0.35157259801809565,0.36549210339029076,0.056938402982427756,1,0.3636568087259642,0.44875776397515527,0.45197188598203825,0.3281668803169794,0.38780804150453957,0.3960722761009353,0.048230135584677473,0
