max_depth,min_samples_leaf,n_estimators,mean_fit_time,std_fit_time,mean_score_time,std_score_time,param_max_depth,param_min_samples_leaf,param_n_estimators,split0_test_mcc,split1_test_mcc,split2_test_mcc,split3_test_mcc,split4_test_mcc,mean_test_mcc,std_test_mcc,rank_test_mcc,split0_train_mcc,split1_train_mcc,split2_train_mcc,split3_train_mcc,split4_train_mcc,mean_train_mcc,std_train_mcc,split0_test_acc,split1_test_acc,split2_test_acc,split3_test_acc,split4_test_acc,mean_test_acc,std_test_acc,rank_test_acc,split0_train_acc,split1_train_acc,split2_train_acc,split3_train_acc,split4_train_acc,mean_train_acc,std_train_acc,split0_test_f1,split1_test_f1,split2_test_f1,split3_test_f1,split4_test_f1,mean_test_f1,std_test_f1,rank_test_f1,split0_train_f1,split1_train_f1,split2_train_f1,split3_train_f1,split4_train_f1,mean_train_f1,std_train_f1,run_id
4,8,300,0.268508768081665,0.0060393501329665256,0.05989294052124024,0.0032371453988210216,4,8,300,0.23301295701000463,0.2750002425880172,0.23974139736033978,0.2192744391385643,0.2430662721391342,0.24122715761794414,0.016684739016600655,1,0.2580539609368896,0.2570500251295584,0.24240242287586908,0.2587557338806761,0.2559228316132792,0.25443699488725446,0.00609262687546731,0.6159638554216867,0.6365591397849463,0.6134969325153374,0.5911949685534591,0.6213292117465224,0.6158347676419965,0.013281283565524628,1,0.6242977528089888,0.6261398176291794,0.6183557760453579,0.6267020923281302,0.6236442516268981,0.6238279380877109,0.002959884241586678,0.5996860282574568,0.6023529411764705,0.5434782608695652,0.43804034582132567,0.6141732283464566,0.564182027605472,0.06153741282758412,1,0.5660989456609894,0.5883227965786537,0.5714285714285714,0.5843195266272189,0.5671517671517673,0.5754643214894402,0.00913072989668147,0
