max_depth,min_samples_leaf,n_estimators,mean_fit_time,std_fit_time,mean_score_time,std_score_time,param_max_depth,param_min_samples_leaf,param_n_estimators,split0_test_mcc,split1_test_mcc,split2_test_mcc,split3_test_mcc,split4_test_mcc,mean_test_mcc,std_test_mcc,rank_test_mcc,split0_train_mcc,split1_train_mcc,split2_train_mcc,split3_train_mcc,split4_train_mcc,mean_train_mcc,std_train_mcc,split0_test_acc,split1_test_acc,split2_test_acc,split3_test_acc,split4_test_acc,mean_test_acc,std_test_acc,rank_test_acc,split0_train_acc,split1_train_acc,split2_train_acc,split3_train_acc,split4_train_acc,mean_train_acc,std_train_acc,split0_test_f1,split1_test_f1,split2_test_f1,split3_test_f1,split4_test_f1,mean_test_f1,std_test_f1,rank_test_f1,split0_train_f1,split1_train_f1,split2_train_f1,split3_train_f1,split4_train_f1,mean_train_f1,std_train_f1,run_id
4,8,300,1.2752288818359374,0.009482688354362914,0.13263978958129882,0.001257572280529467,4,8,300,0.1570236506298624,0.1799109076748616,0.1492874263655197,0.1471374307350755,0.15175173666294076,0.15702223041365201,0.011909711260225442,1,0.16677018031878002,0.15714516968392045,0.17441233559921285,0.1678479537248113,0.16527874813028184,0.1662908774914013,0.005536798290300589,0.5640522875816993,0.5813725490196079,0.5591503267973856,0.5604575163398693,0.565359477124183,0.566078431372549,0.007976534426472746,1,0.5709150326797385,0.5645424836601307,0.5742647058823529,0.5698529411764706,0.5698529411764706,0.5698856209150327,0.0031236941395620366,0.39528558476881237,0.4039087947882736,0.38204306000916166,0.3816091954022988,0.39764492753623193,0.39209831250095567,0.008849189961811377,1,0.3996342021033379,0.3912745545911375,0.40411663807890225,0.38956521739130434,0.4015005115380243,0.39721822474054125,0.005756018932434245,0
